<?xml version='1.0' encoding='UTF-8'?>
<!DOCTYPE sailpoint PUBLIC "sailpoint.dtd" "sailpoint.dtd">
<sailpoint>
    <SPRight displayName="LogsTail Plugin Icon Right" name="LogsTailPluginRight">
        <Description>Access to LogsTail plugin</Description>
    </SPRight>

    <Capability displayName="LogsTail Plugin Capability" name="LogsTailPluginCapability">
        <Description>Allow access to LogsTail Plugin</Description>
        <RightRefs>
            <Reference class="sailpoint.object.SPRight" name="LogsTailPluginRight"/>
        </RightRefs>
    </Capability>

</sailpoint>

