<?xml version='1.0' encoding='UTF-8'?>
<!DOCTYPE sailpoint PUBLIC "sailpoint.dtd" "sailpoint.dtd">
<sailpoint>
<!-- 
	<ImportAction name="merge">
		<Configuration name="Plugin Maintenance Configuration">
			<Attributes>
				<Map>
					<entry key="logstailplugin">						
						<value>
							<Map>
								<entry key="objectsToUninstall">
									<value>
										<List>
											<String>Configuration:LogsTail Plugin Configuration</String>
											<String>Capability:LogsTailPluginCapability</String>ing>
											<String>SPRight:LogTailsPluginRight</String>
										</List>
									</value>
								</entry>
								<entry key="updateURL" value="https://iiqplugins.com/?pluginName=$!{pluginName}&amp;pluginVersion=$!{pluginVersion}&amp;iiqVersion=$!{iiqVersion}"/>
							</Map>
						</value>
					</entry>
				</Map>
			</Attributes>
		</Configuration>
	</ImportAction>
 -->
</sailpoint>